<?xml version="1.0" encoding="UTF-8" ?>
<!DOCTYPE configuration
  PUBLIC "-//mybatis.org//DTD Config 3.0//EN"
  "http://mybatis.org/dtd/mybatis-3-config.dtd">
<configuration>
	<typeAliases>
		<typeAlias type="com.mega.mvc38.MemberVO" alias="memberVO"></typeAlias>
		<typeAlias type="com.mega.mvc38.BbsVO" alias="bbsVO"></typeAlias>
		<typeAlias type="com.mega.mvc38.ProductVO" alias="productVO"></typeAlias>
		<typeAlias type="com.mega.mvc38.PersonVO" alias="personVO"></typeAlias>

	</typeAliases>
	<mappers>
		<mapper resource="mapper/memberMapper.xml" />
		<mapper resource="mapper/bbsMapper.xml" />
		<mapper resource="mapper/productMapper.xml" />
		<mapper resource="mapper/personMapper.xml" />



	</mappers>
</configuration>