<?xml version="1.0" encoding="UTF-8"?>
<beans xmlns="http://www.springframework.org/schema/beans"
	xmlns:xsi="http://www.w3.org/2001/XMLSchema-instance"
	xsi:schemaLocation="http://www.springframework.org/schema/beans http://www.springframework.org/schema/beans/spring-beans.xsd">
<!--bean: 싱글톤 객체를 의미  -->
<!-- context파일: 프로젝트 전체 영역에서 사용할 싱글톤 객체를 정의하는 파일 -->
<!-- 스프링 프로그램이 시작할 때, 어노테이션과 컨텍스트를 읽어 싱글톤을 만든다.  
만들 때 문제가 생기면 스프링 프로그램이 시작되지 않는다.
:404 에러 발생 시 = 콘솔을 확인하여 에러의 맨 마지막줄에 보여지는 에러를 확인, 수정한다. 
  -->
  
  <!-- mybatis 설정을 담당하는 싱글톤 객체 필요 -->
  <bean id="mybatis" class="org.mybatis.spring.SqlSessionTemplate">
   <constructor-arg ref="config"></constructor-arg>
</bean>
<!--  생성자로 호출 -->
<!--    SqlSessionTemplate mybatis = new SqlSessionTemplate(config);
   public
   public SqlSessionTemplate(SqlSessionFactoryBean config){
      this.config = config;
   } -->

  
  <!-- mybatis 싱글톤 객체 필요 
  mapper config설정, dbcp 설정 -->
  <bean id="config" class="org.mybatis.spring.SqlSessionFactoryBean">
   <property name="configLocation" value="classpath:mybatis-config.xml"></property>
   <property name="dataSource" ref="dbcp"></property>
</bean><!--기본형 : value 밸류/ 참조형 : ref 알이에프  -->
  
  
<!-- dbcp 싱글톤 객체 필요 -->
<bean id="dbcp" class="org.apache.commons.dbcp.BasicDataSource">
<!-- SetMethod 불러오는 클래스 -->
<property name="driverClassName" value="oracle.jdbc.OracleDriver"></property>
<property name="url"  value="jdbc:oracle:thin:@localhost:1521:xe"></property>
<property name="username" value="root"></property>
<property name="password" value="1234"></property>
</bean>
<!-- DBCP dbcp = new DBCP(); -->


</beans>
