<?xml version="1.0" encoding="UTF-8" ?>
<!DOCTYPE configuration
  PUBLIC "-//mybatis.org//DTD Config 3.0//EN"
  "http://mybatis.org/dtd/mybatis-3-config.dtd">
<configuration>
	<typeAliases>
		<typeAlias type="com.mega.mvc39.MemberVO" alias="memberVO"></typeAlias>
		<typeAlias type="com.mega.mvc39.MatchVO" alias="matchVO"></typeAlias>


	</typeAliases>
	<mappers>
		<mapper resource="mapper/memberMapper.xml" />
		<mapper resource="mapper/matchMapper.xml" />


	</mappers>
</configuration>