<?xml version="1.0" encoding="UTF-8" ?>
<!DOCTYPE mapper PUBLIC "-//mybatis.org//DTD Mapper 3.0//EN"
  "http://mybatis.org/dtd/mybatis-3-mapper.dtd">

<mapper namespace="bbs">
	<insert id="insert" parameterType="bbsVO">
		insert into BBS values (#{id},
		#{title}, #{content}, #{writer})
	</insert>

	<delete id="delete" parameterType="bbsVO">
		delete from BBS where id =
		#{id}
	</delete>

	<update id="update" parameterType="bbsVO">
		update BBS set content =
		#{content} where id = #{id}
	</update>

	<select id="all" parameterType="bbsVO" resultType="bbsVO">
		select * from BBS
	</select>

	<!-- <resultMap type="bbsVO" id="r1"> <result property="no" column="id"/> 
		</resultMap> empty 태그 -->
	<select id="select" parameterType="bbsVO" resultType="bbsVO">
		select * from BBS where id = #{id}
		<!--bbsVO의 컬럼명과 동일한 변수를 찾아서 set메서드로 값을 VO에 넣음 : ORM(object- rdb - mapping) 
			서로 안 맞으면 resultMap 처리 해야 함 -->
	</select>

</mapper>
