<?xml version="1.0" encoding="UTF-8" ?>
<!DOCTYPE mapper PUBLIC "-//mybatis.org//DTD Mapper 3.0//EN"
  "http://mybatis.org/dtd/mybatis-3-mapper.dtd">

<mapper namespace="member">
	<select id="login" parameterType="memberVO"
		resultType="memberVO">
		select * from MEMBER where id = #{id} and pw = #{pw}
		<!-- 매퍼 파일의 member.login 으로 -->
		<!-- preparedstatement의 속도 빠름. # 쓰는 이유. -->
	</select>
	<insert id="insert" parameterType="memberVO">
		insert into MEMBER values
		(#{id}, #{pw}, #{name}, #{tel})
	</insert>
	<delete id="delete" parameterType="memberVO">
		delete from MEMBER where id =
		#{id}
	</delete>
	<update id="update" parameterType="memberVO">
		update MEMBER set tel = #{tel}
		where id = #{id}
	</update>
	<select id="select" parameterType="memberVo"
		resultType="memberVO">
		select * from MEMBER where id = #{id}
	</select>
	<select id="all2" parameterType="memberVo" resultType="memberVO">
		select *
		from MEMBER
	</select>
	<select id="all3"  resultType="memberVO">
		select * from MEMBER
	</select>
</mapper>
